"","species","Species","Family","max_size"
"1","Abalistes_stellatus","Abalistes stellatus","Balistidae",50
"2","Abudefduf_abdominalis","Abudefduf abdominalis","Pomacentridae",30
"3","Abudefduf_bengalensis","Abudefduf bengalensis","Pomacentridae",17
"4","Abudefduf_concolor","Abudefduf concolor","Pomacentridae",19
"5","Abudefduf_conformis","Abudefduf conformis","Pomacentridae",13.1
"6","Abudefduf_luridus","Abudefduf luridus","Pomacentridae",15
"7","Abudefduf_natalensis","Abudefduf natalensis","Pomacentridae",13
"8","Abudefduf_notatus","Abudefduf notatus","Pomacentridae",17
"9","Abudefduf_saxatilis","Abudefduf saxatilis","Pomacentridae",22.89999962
"10","Abudefduf_septemfasciatus","Abudefduf septemfasciatus","Pomacentridae",23
"11","Abudefduf_sexfasciatus","Abudefduf sexfasciatus","Pomacentridae",16
"12","Abudefduf_sordidus","Abudefduf sordidus","Pomacentridae",23
"13","Abudefduf_sparoides","Abudefduf sparoides","Pomacentridae",16
"14","Abudefduf_troschelii","Abudefduf troschelii","Pomacentridae",20
"15","Abudefduf_vaigiensis","Abudefduf vaigiensis","Pomacentridae",20
"16","Abudefduf_whitleyi","Abudefduf whitleyi","Pomacentridae",14
"17","Acanthistius_cinctus","Acanthistius cinctus","Serranidae",50
"18","Acanthochromis_polyacanthus","Acanthochromis polyacanthus","Pomacentridae",14
"19","Acanthostracion_polygonius","Acanthostracion polygonius","Ostraciidae",50
"20","Acanthostracion_quadricornis","Acanthostracion quadricornis","Ostraciidae",55
"21","Acanthurus_achilles","Acanthurus achilles","Acanthuridae",24
"22","Acanthurus_albipectoralis","Acanthurus albipectoralis","Acanthuridae",33
"23","Acanthurus_auranticavus","Acanthurus auranticavus","Acanthuridae",45
"24","Acanthurus_bahianus","Acanthurus bahianus","Acanthuridae",38.09999847
"25","Acanthurus_bariene","Acanthurus bariene","Acanthuridae",50
"26","Acanthurus_blochii","Acanthurus blochii","Acanthuridae",45
"27","Acanthurus_chirurgus","Acanthurus chirurgus","Acanthuridae",39
"28","Acanthurus_coeruleus","Acanthurus coeruleus","Acanthuridae",39
"29","Acanthurus_dussumieri","Acanthurus dussumieri","Acanthuridae",54
"30","Acanthurus_fowleri","Acanthurus fowleri","Acanthuridae",45
"31","Acanthurus_grammoptilus","Acanthurus grammoptilus","Acanthuridae",35
"32","Acanthurus_guttatus","Acanthurus guttatus","Acanthuridae",26
"33","Acanthurus_leucocheilus","Acanthurus leucocheilus","Acanthuridae",45
"34","Acanthurus_leucopareius","Acanthurus leucopareius","Acanthuridae",24
"35","Acanthurus_leucosternon","Acanthurus leucosternon","Acanthuridae",54
"36","Acanthurus_lineatus","Acanthurus lineatus","Acanthuridae",38
"37","Acanthurus_maculiceps","Acanthurus maculiceps","Acanthuridae",40
"38","Acanthurus_mata","Acanthurus mata","Acanthuridae",50
"39","Acanthurus_monroviae","Acanthurus monroviae","Acanthuridae",45
"40","Acanthurus_nigricans","Acanthurus nigricans","Acanthuridae",21.3
"41","Acanthurus_nigricauda","Acanthurus nigricauda","Acanthuridae",40
"42","Acanthurus_nigrofuscus","Acanthurus nigrofuscus","Acanthuridae",21
"43","Acanthurus_nigroris","Acanthurus nigroris","Acanthuridae",25
"44","Acanthurus_nubilus","Acanthurus nubilus","Acanthuridae",26
"45","Acanthurus_olivaceus","Acanthurus olivaceus","Acanthuridae",35
"46","Acanthurus_pyroferus","Acanthurus pyroferus","Acanthuridae",25
"47","Acanthurus_reversus","Acanthurus reversus","Acanthuridae",21.6
"48","Acanthurus_sohal","Acanthurus sohal","Acanthuridae",40
"49","Acanthurus_tennentii","Acanthurus tennentii","Acanthuridae",31
"50","Acanthurus_thompsoni","Acanthurus thompsoni","Acanthuridae",27
"51","Acanthurus_triostegus","Acanthurus triostegus","Acanthuridae",27
"52","Acanthurus_tristis","Acanthurus tristis","Acanthuridae",25
"53","Acanthurus_xanthopterus","Acanthurus xanthopterus","Acanthuridae",70
"54","Aethaloperca_rogaa","Aethaloperca rogaa","Serranidae",60
"55","Alphestes_immaculatus","Alphestes immaculatus","Serranidae",30
"56","Aluterus_scriptus","Aluterus scriptus","Monacanthidae",110
"57","Amanses_scopas","Amanses scopas","Monacanthidae",20
"58","Amblycirrhitus_pinos","Amblycirrhitus pinos","Cirrhitidae",9.5
"59","Amblyglyphidodon_aureus","Amblyglyphidodon aureus","Pomacentridae",13
"60","Amblyglyphidodon_batunai","Amblyglyphidodon batunai","Pomacentridae",10
"61","Amblyglyphidodon_curacao","Amblyglyphidodon curacao","Pomacentridae",11
"62","Amblyglyphidodon_indicus","Amblyglyphidodon indicus","Pomacentridae",8.3
"63","Amblyglyphidodon_leucogaster","Amblyglyphidodon leucogaster","Pomacentridae",13
"64","Amblyglyphidodon_melanopterus","Amblyglyphidodon melanopterus","Pomacentridae",10.1
"65","Amblyglyphidodon_orbicularis","Amblyglyphidodon orbicularis","Pomacentridae",8.3
"66","Amblyglyphidodon_ternatensis","Amblyglyphidodon ternatensis","Pomacentridae",10
"67","Amphichaetodon_howensis","Amphichaetodon howensis","Chaetodontidae",18
"68","Amphiprion_akallopisos","Amphiprion akallopisos","Pomacentridae",11
"69","Amphiprion_akindynos","Amphiprion akindynos","Pomacentridae",9
"70","Amphiprion_allardi","Amphiprion allardi","Pomacentridae",15
"71","Amphiprion_bicinctus","Amphiprion bicinctus","Pomacentridae",14
"72","Amphiprion_chrysopterus","Amphiprion chrysopterus","Pomacentridae",17
"73","Amphiprion_clarkii","Amphiprion clarkii","Pomacentridae",15
"74","Amphiprion_ephippium","Amphiprion ephippium","Pomacentridae",14
"75","Amphiprion_frenatus","Amphiprion frenatus","Pomacentridae",14
"76","Amphiprion_latezonatus","Amphiprion latezonatus","Pomacentridae",14
"77","Amphiprion_mccullochi","Amphiprion mccullochi","Pomacentridae",12
"78","Amphiprion_melanopus","Amphiprion melanopus","Pomacentridae",12
"79","Amphiprion_ocellaris","Amphiprion ocellaris","Pomacentridae",11
"80","Amphiprion_percula","Amphiprion percula","Pomacentridae",11
"81","Amphiprion_perideraion","Amphiprion perideraion","Pomacentridae",10
"82","Amphiprion_rubrocinctus","Amphiprion rubrocinctus","Pomacentridae",12
"83","Amphiprion_sandaracinos","Amphiprion sandaracinos","Pomacentridae",14
"84","Anampses_caeruleopunctatus","Anampses caeruleopunctatus","Labridae",42
"85","Anampses_cuvier","Anampses cuvier","Labridae",31
"86","Anampses_elegans","Anampses elegans","Labridae",29
"87","Anampses_femininus","Anampses femininus","Labridae",24
"88","Anampses_geographicus","Anampses geographicus","Labridae",31
"89","Anampses_lennardi","Anampses lennardi","Labridae",28
"90","Anampses_lineatus","Anampses lineatus","Labridae",13
"91","Anampses_melanurus","Anampses melanurus","Labridae",12
"92","Anampses_meleagrides","Anampses meleagrides","Labridae",22
"93","Anampses_neoguinaicus","Anampses neoguinaicus","Labridae",20
"94","Anampses_twistii","Anampses twistii","Labridae",18
"95","Anisotremus_caesius","Anisotremus caesius","Haemulidae",30
"96","Anisotremus_interruptus","Anisotremus interruptus","Haemulidae",51
"97","Anisotremus_scapularis","Anisotremus scapularis","Haemulidae",40
"98","Anisotremus_surinamensis","Anisotremus surinamensis","Haemulidae",76
"99","Anisotremus_taeniatus","Anisotremus taeniatus","Haemulidae",31
"100","Anisotremus_virginicus","Anisotremus virginicus","Haemulidae",40.59999847
"101","Anyperodon_leucogrammicus","Anyperodon leucogrammicus","Serranidae",65
"102","Aphareus_furca","Aphareus furca","Lutjanidae",70
"103","Apolemichthys_trimaculatus","Apolemichthys trimaculatus","Pomacanthidae",26
"104","Aprion_virescens","Aprion virescens","Lutjanidae",112
"105","Arothron_hispidus","Arothron hispidus","Tetraodontidae",50
"106","Arothron_manilensis","Arothron manilensis","Tetraodontidae",31
"107","Arothron_mappa","Arothron mappa","Tetraodontidae",65
"108","Arothron_meleagris","Arothron meleagris","Tetraodontidae",50
"109","Arothron_nigropunctatus","Arothron nigropunctatus","Tetraodontidae",33
"110","Arothron_stellatus","Arothron stellatus","Tetraodontidae",120
"111","Atypichthys_latus","Atypichthys latus","Kyphosidae",30
"112","Atypichthys_strigatus","Atypichthys strigatus","Kyphosidae",25
"113","Balistapus_undulatus","Balistapus undulatus","Balistidae",30
"114","Balistes_polylepis","Balistes polylepis","Balistidae",76
"115","Balistes_punctatus","Balistes punctatus","Balistidae",60
"116","Balistes_vetula","Balistes vetula","Balistidae",60
"117","Balistoides_conspicillum","Balistoides conspicillum","Balistidae",50
"118","Balistoides_viridescens","Balistoides viridescens","Balistidae",75
"119","Bathystethus_cultratus","Bathystethus cultratus","Kyphosidae",30
"120","Belonoperca_chabanaudi","Belonoperca chabanaudi","Serranidae",15
"121","Bodianus_anthioides","Bodianus anthioides","Labridae",24
"122","Bodianus_axillaris","Bodianus axillaris","Labridae",20
"123","Bodianus_bilunulatus","Bodianus bilunulatus","Labridae",55
"124","Bodianus_diana","Bodianus diana","Labridae",25
"125","Bodianus_dictynna","Bodianus dictynna","Labridae",25
"126","Bodianus_diplotaenia","Bodianus diplotaenia","Labridae",76
"127","Bodianus_eclancheri","Bodianus eclancheri","Labridae",61
"128","Bodianus_insularis","Bodianus insularis","Labridae",33
"129","Bodianus_loxozonus","Bodianus loxozonus","Labridae",47
"130","Bodianus_mesothorax","Bodianus mesothorax","Labridae",25
"131","Bodianus_perditio","Bodianus perditio","Labridae",80
"132","Bodianus_pulchellus","Bodianus pulchellus","Labridae",28.5
"133","Bodianus_rufus","Bodianus rufus","Labridae",40
"134","Bodianus_speciosus","Bodianus speciosus","Labridae",50
"135","Bolbometopon_muricatum","Bolbometopon muricatum","Labridae",130
"136","Bothus_mancus","Bothus mancus","Bothidae",45
"137","Bothus_ocellatus","Bothus ocellatus","Bothidae",18
"138","Calotomus_carolinus","Calotomus carolinus","Labridae",54
"139","Calotomus_spinidens","Calotomus spinidens","Labridae",30
"140","Calotomus_viridescens","Calotomus viridescens","Labridae",21
"141","Cantherhines_dumerilii","Cantherhines dumerilii","Monacanthidae",38
"142","Cantherhines_fronticinctus","Cantherhines fronticinctus","Monacanthidae",25
"143","Cantherhines_longicaudus","Cantherhines longicaudus","Monacanthidae",10.6
"144","Cantherhines_macrocerus","Cantherhines macrocerus","Monacanthidae",38
"145","Cantherhines_pardalis","Cantherhines pardalis","Monacanthidae",25
"146","Cantherhines_pullus","Cantherhines pullus","Monacanthidae",20
"147","Cantherhines_rapanui","Cantherhines rapanui","Monacanthidae",16
"148","Cantherhines_sandwichiensis","Cantherhines sandwichiensis","Monacanthidae",19.3
"149","Cantheschenia_grandisquamis","Cantheschenia grandisquamis","Monacanthidae",26
"150","Canthidermis_maculata","Canthidermis maculata","Balistidae",50
"151","Canthidermis_sufflamen","Canthidermis sufflamen","Balistidae",65
"152","Canthigaster_amboinensis","Canthigaster amboinensis","Tetraodontidae",15
"153","Canthigaster_axiologus","Canthigaster axiologus","Tetraodontidae",10.1
"154","Canthigaster_bennetti","Canthigaster bennetti","Tetraodontidae",10
"155","Canthigaster_callisterna","Canthigaster callisterna","Tetraodontidae",23
"156","Canthigaster_capistrata","Canthigaster capistrata","Tetraodontidae",12
"157","Canthigaster_coronata","Canthigaster coronata","Tetraodontidae",14
"158","Canthigaster_figueiredoi","Canthigaster figueiredoi","Tetraodontidae",12
"159","Canthigaster_jactator","Canthigaster jactator","Tetraodontidae",9
"160","Canthigaster_janthinoptera","Canthigaster janthinoptera","Tetraodontidae",9
"161","Canthigaster_papua","Canthigaster papua","Tetraodontidae",10
"162","Canthigaster_punctatissima","Canthigaster punctatissima","Tetraodontidae",9
"163","Canthigaster_rostrata","Canthigaster rostrata","Tetraodontidae",12
"164","Canthigaster_solandri","Canthigaster solandri","Tetraodontidae",11.5
"165","Canthigaster_valentini","Canthigaster valentini","Tetraodontidae",11
"166","Centropyge_acanthops","Centropyge acanthops","Pomacanthidae",8
"167","Centropyge_bicolor","Centropyge bicolor","Pomacanthidae",15
"168","Centropyge_bispinosa","Centropyge bispinosa","Pomacanthidae",10
"169","Centropyge_eibli","Centropyge eibli","Pomacanthidae",15
"170","Centropyge_ferrugata","Centropyge ferrugata","Pomacanthidae",10
"171","Centropyge_flavissima","Centropyge flavissima","Pomacanthidae",14
"172","Centropyge_heraldi","Centropyge heraldi","Pomacanthidae",10
"173","Centropyge_hotumatua","Centropyge hotumatua","Pomacanthidae",8
"174","Centropyge_joculator","Centropyge joculator","Pomacanthidae",9
"175","Centropyge_loriculus","Centropyge loriculus","Pomacanthidae",15
"176","Centropyge_multispinis","Centropyge multispinis","Pomacanthidae",14
"177","Centropyge_nox","Centropyge nox","Pomacanthidae",10
"178","Centropyge_potteri","Centropyge potteri","Pomacanthidae",10
"179","Centropyge_tibicen","Centropyge tibicen","Pomacanthidae",19
"180","Centropyge_vrolikii","Centropyge vrolikii","Pomacanthidae",12
"181","Cephalopholis_argus","Cephalopholis argus","Serranidae",60
"182","Cephalopholis_boenak","Cephalopholis boenak","Serranidae",30
"183","Cephalopholis_cruentata","Cephalopholis cruentata","Serranidae",42.59999847
"184","Cephalopholis_cyanostigma","Cephalopholis cyanostigma","Serranidae",40
"185","Cephalopholis_fulva","Cephalopholis fulva","Serranidae",41
"186","Cephalopholis_hemistiktos","Cephalopholis hemistiktos","Serranidae",35
"187","Cephalopholis_leopardus","Cephalopholis leopardus","Serranidae",24
"188","Cephalopholis_microprion","Cephalopholis microprion","Serranidae",25
"189","Cephalopholis_miniata","Cephalopholis miniata","Serranidae",45
"190","Cephalopholis_nigripinnis","Cephalopholis nigripinnis","Serranidae",28
"191","Cephalopholis_panamensis","Cephalopholis panamensis","Serranidae",31
"192","Cephalopholis_sexmaculata","Cephalopholis sexmaculata","Serranidae",50
"193","Cephalopholis_sonnerati","Cephalopholis sonnerati","Serranidae",57
"194","Cephalopholis_spiloparaea","Cephalopholis spiloparaea","Serranidae",30
"195","Cephalopholis_taeniops","Cephalopholis taeniops","Serranidae",70
"196","Cephalopholis_urodeta","Cephalopholis urodeta","Serranidae",28
"197","Cetoscarus_bicolor","Cetoscarus bicolor","Labridae",90
"198","Cetoscarus_ocellatus","Cetoscarus ocellatus","Labridae",70
"199","Chaetodon_adiergastos","Chaetodon adiergastos","Chaetodontidae",20
"200","Chaetodon_andamanensis","Chaetodon andamanensis","Chaetodontidae",15
"201","Chaetodon_argentatus","Chaetodon argentatus","Chaetodontidae",20
"202","Chaetodon_assarius","Chaetodon assarius","Chaetodontidae",13
"203","Chaetodon_aureofasciatus","Chaetodon aureofasciatus","Chaetodontidae",12.5
"204","Chaetodon_auriga","Chaetodon auriga","Chaetodontidae",23
"205","Chaetodon_auripes","Chaetodon auripes","Chaetodontidae",20
"206","Chaetodon_austriacus","Chaetodon austriacus","Chaetodontidae",13
"207","Chaetodon_baronessa","Chaetodon baronessa","Chaetodontidae",16
"208","Chaetodon_bennetti","Chaetodon bennetti","Chaetodontidae",20
"209","Chaetodon_capistratus","Chaetodon capistratus","Chaetodontidae",7.5
"210","Chaetodon_citrinellus","Chaetodon citrinellus","Chaetodontidae",13
"211","Chaetodon_collare","Chaetodon collare","Chaetodontidae",18
"212","Chaetodon_decussatus","Chaetodon decussatus","Chaetodontidae",20
"213","Chaetodon_ephippium","Chaetodon ephippium","Chaetodontidae",30
"214","Chaetodon_falcula","Chaetodon falcula","Chaetodontidae",20
"215","Chaetodon_fasciatus","Chaetodon fasciatus","Chaetodontidae",22
"216","Chaetodon_flavirostris","Chaetodon flavirostris","Chaetodontidae",20
"217","Chaetodon_guentheri","Chaetodon guentheri","Chaetodontidae",18
"218","Chaetodon_guttatissimus","Chaetodon guttatissimus","Chaetodontidae",12
"219","Chaetodon_humeralis","Chaetodon humeralis","Chaetodontidae",25.39999962
"220","Chaetodon_interruptus","Chaetodon interruptus","Chaetodontidae",20
"221","Chaetodon_kleinii","Chaetodon kleinii","Chaetodontidae",15
"222","Chaetodon_lineolatus","Chaetodon lineolatus","Chaetodontidae",30
"223","Chaetodon_litus","Chaetodon litus","Chaetodontidae",15
"224","Chaetodon_lunula","Chaetodon lunula","Chaetodontidae",20
"225","Chaetodon_lunulatus","Chaetodon lunulatus","Chaetodontidae",14
"226","Chaetodon_madagaskariensis","Chaetodon madagaskariensis","Chaetodontidae",13
"227","Chaetodon_melannotus","Chaetodon melannotus","Chaetodontidae",18
"228","Chaetodon_mertensii","Chaetodon mertensii","Chaetodontidae",12.5
"229","Chaetodon_meyeri","Chaetodon meyeri","Chaetodontidae",20
"230","Chaetodon_miliaris","Chaetodon miliaris","Chaetodontidae",13
"231","Chaetodon_multicinctus","Chaetodon multicinctus","Chaetodontidae",12
"232","Chaetodon_ocellatus","Chaetodon ocellatus","Chaetodontidae",20
"233","Chaetodon_ocellicaudus","Chaetodon ocellicaudus","Chaetodontidae",15
"234","Chaetodon_octofasciatus","Chaetodon octofasciatus","Chaetodontidae",12
"235","Chaetodon_ornatissimus","Chaetodon ornatissimus","Chaetodontidae",20
"236","Chaetodon_oxycephalus","Chaetodon oxycephalus","Chaetodontidae",25
"237","Chaetodon_paucifasciatus","Chaetodon paucifasciatus","Chaetodontidae",14
"238","Chaetodon_pelewensis","Chaetodon pelewensis","Chaetodontidae",12.5
"239","Chaetodon_plebeius","Chaetodon plebeius","Chaetodontidae",15
"240","Chaetodon_punctatofasciatus","Chaetodon punctatofasciatus","Chaetodontidae",12
"241","Chaetodon_quadrimaculatus","Chaetodon quadrimaculatus","Chaetodontidae",16
"242","Chaetodon_rafflesii","Chaetodon rafflesii","Chaetodontidae",18
"243","Chaetodon_rainfordi","Chaetodon rainfordi","Chaetodontidae",15
"244","Chaetodon_reticulatus","Chaetodon reticulatus","Chaetodontidae",18
"245","Chaetodon_robustus","Chaetodon robustus","Chaetodontidae",14.5
"246","Chaetodon_sedentarius","Chaetodon sedentarius","Chaetodontidae",15
"247","Chaetodon_semeion","Chaetodon semeion","Chaetodontidae",26
"248","Chaetodon_semilarvatus","Chaetodon semilarvatus","Chaetodontidae",23
"249","Chaetodon_smithi","Chaetodon smithi","Chaetodontidae",17
"250","Chaetodon_speculum","Chaetodon speculum","Chaetodontidae",18
"251","Chaetodon_striatus","Chaetodon striatus","Chaetodontidae",16
"252","Chaetodontoplus_conspicillatus","Chaetodontoplus conspicillatus","Pomacanthidae",10
"253","Chaetodontoplus_duboulayi","Chaetodontoplus duboulayi","Pomacanthidae",28
"254","Chaetodontoplus_meredithi","Chaetodontoplus meredithi","Pomacanthidae",25
"255","Chaetodontoplus_mesoleucus","Chaetodontoplus mesoleucus","Pomacanthidae",18
"256","Chaetodontoplus_personifer","Chaetodontoplus personifer","Pomacanthidae",35
"257","Chaetodon_triangulum","Chaetodon triangulum","Chaetodontidae",16
"258","Chaetodon_trichrous","Chaetodon trichrous","Chaetodontidae",12
"259","Chaetodon_tricinctus","Chaetodon tricinctus","Chaetodontidae",15
"260","Chaetodon_trifascialis","Chaetodon trifascialis","Chaetodontidae",18
"261","Chaetodon_trifasciatus","Chaetodon trifasciatus","Chaetodontidae",15
"262","Chaetodon_ulietensis","Chaetodon ulietensis","Chaetodontidae",15
"263","Chaetodon_unimaculatus","Chaetodon unimaculatus","Chaetodontidae",20
"264","Chaetodon_vagabundus","Chaetodon vagabundus","Chaetodontidae",23
"265","Chaetodon_wiebeli","Chaetodon wiebeli","Chaetodontidae",19
"266","Chaetodon_xanthocephalus","Chaetodon xanthocephalus","Chaetodontidae",20
"267","Chaetodon_xanthurus","Chaetodon xanthurus","Chaetodontidae",14
"268","Chaetodon_zanzibarensis","Chaetodon zanzibarensis","Chaetodontidae",12
"269","Cheilinus_chlorourus","Cheilinus chlorourus","Labridae",45
"270","Cheilinus_fasciatus","Cheilinus fasciatus","Labridae",40
"271","Cheilinus_lunulatus","Cheilinus lunulatus","Labridae",50
"272","Cheilinus_oxycephalus","Cheilinus oxycephalus","Labridae",17
"273","Cheilinus_trilobatus","Cheilinus trilobatus","Labridae",45
"274","Cheilinus_undulatus","Cheilinus undulatus","Labridae",229
"275","Cheilio_inermis","Cheilio inermis","Labridae",50
"276","Chelmon_marginalis","Chelmon marginalis","Chaetodontidae",18
"277","Chelmonops_truncatus","Chelmonops truncatus","Chaetodontidae",22
"278","Chelmon_rostratus","Chelmon rostratus","Chaetodontidae",20
"279","Chlorurus_bleekeri","Chlorurus bleekeri","Labridae",49
"280","Chlorurus_bowersi","Chlorurus bowersi","Labridae",40
"281","Chlorurus_capistratoides","Chlorurus capistratoides","Labridae",40
"282","Chlorurus_frontalis","Chlorurus frontalis","Labridae",50
"283","Chlorurus_japanensis","Chlorurus japanensis","Labridae",31
"284","Chlorurus_microrhinos","Chlorurus microrhinos","Labridae",70
"285","Chlorurus_perspicillatus","Chlorurus perspicillatus","Labridae",60.9
"286","Chlorurus_rhakoura","Chlorurus rhakoura","Labridae",44.2
"287","Chlorurus_sordidus","Chlorurus sordidus","Labridae",40
"288","Chlorurus_spilurus","Chlorurus spilurus","Labridae",40
"289","Chlorurus_strongylocephalus","Chlorurus strongylocephalus","Labridae",70
"290","Choerodon_anchorago","Choerodon anchorago","Labridae",38
"291","Choerodon_cauteroma","Choerodon cauteroma","Labridae",43
"292","Choerodon_cephalotes","Choerodon cephalotes","Labridae",38
"293","Choerodon_cyanodus","Choerodon cyanodus","Labridae",70
"294","Choerodon_fasciatus","Choerodon fasciatus","Labridae",30
"295","Choerodon_graphicus","Choerodon graphicus","Labridae",51.5
"296","Choerodon_monostigma","Choerodon monostigma","Labridae",25
"297","Choerodon_rubescens","Choerodon rubescens","Labridae",90
"298","Choerodon_schoenleinii","Choerodon schoenleinii","Labridae",100
"299","Choerodon_vitta","Choerodon vitta","Labridae",20
"300","Chromis_agilis","Chromis agilis","Pomacentridae",7.5
"301","Chromis_alpha","Chromis alpha","Pomacentridae",8.5
"302","Chromis_alta","Chromis alta","Pomacentridae",13
"303","Chromis_amboinensis","Chromis amboinensis","Pomacentridae",9
"304","Chromis_analis","Chromis analis","Pomacentridae",17
"305","Chromis_atrilobata","Chromis atrilobata","Pomacentridae",13
"306","Chromis_atripectoralis","Chromis atripectoralis","Pomacentridae",12
"307","Chromis_atripes","Chromis atripes","Pomacentridae",9
"308","Chromis_caudalis","Chromis caudalis","Pomacentridae",7.5
"309","Chromis_chrysura","Chromis chrysura","Pomacentridae",14
"310","Chromis_cinerascens","Chromis cinerascens","Pomacentridae",13
"311","Chromis_crusma","Chromis crusma","Pomacentridae",14
"312","Chromis_cyanea","Chromis cyanea","Pomacentridae",15
"313","Chromis_dasygenys","Chromis dasygenys","Pomacentridae",12
"314","Chromis_dimidiata","Chromis dimidiata","Pomacentridae",9
"315","Chromis_elerae","Chromis elerae","Pomacentridae",7
"316","Chromis_flavaxilla","Chromis flavaxilla","Pomacentridae",7.2
"317","Chromis_flavomaculata","Chromis flavomaculata","Pomacentridae",16
"318","Chromis_fumea","Chromis fumea","Pomacentridae",10
"319","Chromis_hypsilepis","Chromis hypsilepis","Pomacentridae",16
"320","Chromis_insolata","Chromis insolata","Pomacentridae",16
"321","Chromis_iomelas","Chromis iomelas","Pomacentridae",8
"322","Chromis_lepidolepis","Chromis lepidolepis","Pomacentridae",9
"323","Chromis_lineata","Chromis lineata","Pomacentridae",7
"324","Chromis_lubbocki","Chromis lubbocki","Pomacentridae",12.5
"325","Chromis_margaritifer","Chromis margaritifer","Pomacentridae",9
"326","Chromis_multilineata","Chromis multilineata","Pomacentridae",20
"327","Chromis_nitida","Chromis nitida","Pomacentridae",7
"328","Chromis_notata","Chromis notata","Pomacentridae",17
"329","Chromis_opercularis","Chromis opercularis","Pomacentridae",16
"330","Chromis_ovalis","Chromis ovalis","Pomacentridae",15
"331","Chromis_pamae","Chromis pamae","Pomacentridae",10.38
"332","Chromis_pelloura","Chromis pelloura","Pomacentridae",14
"333","Chromis_pembae","Chromis pembae","Pomacentridae",13
"334","Chromis_randalli","Chromis randalli","Pomacentridae",13
"335","Chromis_scotochiloptera","Chromis scotochiloptera","Pomacentridae",16
"336","Chromis_ternatensis","Chromis ternatensis","Pomacentridae",10
"337","Chromis_verater","Chromis verater","Pomacentridae",16
"338","Chromis_viridis","Chromis viridis","Pomacentridae",8
"339","Chromis_weberi","Chromis weberi","Pomacentridae",13.5
"340","Chromis_xanthochira","Chromis xanthochira","Pomacentridae",14
"341","Chromis_xanthura","Chromis xanthura","Pomacentridae",15
"342","Chrysiptera_biocellata","Chrysiptera biocellata","Pomacentridae",12.5
"343","Chrysiptera_brownriggii","Chrysiptera brownriggii","Pomacentridae",8
"344","Chrysiptera_cyanea","Chrysiptera cyanea","Pomacentridae",8.5
"345","Chrysiptera_flavipinnis","Chrysiptera flavipinnis","Pomacentridae",8
"346","Chrysiptera_galba","Chrysiptera galba","Pomacentridae",7
"347","Chrysiptera_glauca","Chrysiptera glauca","Pomacentridae",10
"348","Chrysiptera_hemicyanea","Chrysiptera hemicyanea","Pomacentridae",7
"349","Chrysiptera_notialis","Chrysiptera notialis","Pomacentridae",9
"350","Chrysiptera_rex","Chrysiptera rex","Pomacentridae",7
"351","Chrysiptera_rollandi","Chrysiptera rollandi","Pomacentridae",7.5
"352","Chrysiptera_taupou","Chrysiptera taupou","Pomacentridae",8
"353","Cirrhilabrus_beauperryi","Cirrhilabrus beauperryi","Labridae",8.51
"354","Cirrhilabrus_cyanopleura","Cirrhilabrus cyanopleura","Labridae",15
"355","Cirrhilabrus_exquisitus","Cirrhilabrus exquisitus","Labridae",12
"356","Cirrhilabrus_laboutei","Cirrhilabrus laboutei","Labridae",12
"357","Cirrhilabrus_punctatus","Cirrhilabrus punctatus","Labridae",13
"358","Cirrhilabrus_randalli","Cirrhilabrus randalli","Labridae",8.45
"359","Cirrhilabrus_scottorum","Cirrhilabrus scottorum","Labridae",13
"360","Cirrhilabrus_solorensis","Cirrhilabrus solorensis","Labridae",11
"361","Cirrhilabrus_temminckii","Cirrhilabrus temminckii","Labridae",9.9
"362","Cirrhitichthys_aprinus","Cirrhitichthys aprinus","Cirrhitidae",12.5
"363","Cirrhitichthys_falco","Cirrhitichthys falco","Cirrhitidae",7
"364","Cirrhitichthys_oxycephalus","Cirrhitichthys oxycephalus","Cirrhitidae",10
"365","Cirrhitops_fasciatus","Cirrhitops fasciatus","Cirrhitidae",12.7
"366","Cirrhitops_hubbardi","Cirrhitops hubbardi","Cirrhitidae",7.5
"367","Cirrhitus_atlanticus","Cirrhitus atlanticus","Cirrhitidae",16
"368","Cirrhitus_pinnulatus","Cirrhitus pinnulatus","Cirrhitidae",30
"369","Cirrhitus_rivulatus","Cirrhitus rivulatus","Cirrhitidae",60
"370","Clepticus_africanus","Clepticus africanus","Labridae",30
"371","Clepticus_brasiliensis","Clepticus brasiliensis","Labridae",30
"372","Clepticus_parrae","Clepticus parrae","Labridae",30
"373","Coradion_altivelis","Coradion altivelis","Chaetodontidae",18
"374","Coradion_chrysozonus","Coradion chrysozonus","Chaetodontidae",15
"375","Coris_atlantica","Coris atlantica","Labridae",30
"376","Coris_aurilineata","Coris aurilineata","Labridae",14
"377","Coris_aygula","Coris aygula","Labridae",70
"378","Coris_batuensis","Coris batuensis","Labridae",17
"379","Coris_bulbifrons","Coris bulbifrons","Labridae",120
"380","Coris_caudimacula","Coris caudimacula","Labridae",20
"381","Coris_centralis","Coris centralis","Labridae",9.16
"382","Coris_cuvieri","Coris cuvieri","Labridae",38
"383","Coris_debueni","Coris debueni","Labridae",22.5
"384","Coris_dorsomacula","Coris dorsomacula","Labridae",20
"385","Coris_formosa","Coris formosa","Labridae",60
"386","Coris_gaimard","Coris gaimard","Labridae",40
"387","Coris_hewetti","Coris hewetti","Labridae",13.9
"388","Coris_picta","Coris picta","Labridae",25
"389","Coris_pictoides","Coris pictoides","Labridae",15
"390","Coris_roseoviridis","Coris roseoviridis","Labridae",19.8
"391","Coris_sandeyeri","Coris sandeyeri","Labridae",25
"392","Coris_venusta","Coris venusta","Labridae",19.3
"393","Crenimugil_crenilabis","Crenimugil crenilabis","Mugilidae",60
"394","Cromileptes_altivelis","Cromileptes altivelis","Serranidae",95
"395","Cryptotomus_roseus","Cryptotomus roseus","Labridae",13
"396","Ctenochaetus_binotatus","Ctenochaetus binotatus","Acanthuridae",22
"397","Ctenochaetus_cyanocheilus","Ctenochaetus cyanocheilus","Acanthuridae",16
"398","Ctenochaetus_flavicauda","Ctenochaetus flavicauda","Acanthuridae",11.8
"399","Ctenochaetus_hawaiiensis","Ctenochaetus hawaiiensis","Acanthuridae",25
"400","Ctenochaetus_marginatus","Ctenochaetus marginatus","Acanthuridae",27
"401","Ctenochaetus_striatus","Ctenochaetus striatus","Acanthuridae",26
"402","Ctenochaetus_strigosus","Ctenochaetus strigosus","Acanthuridae",14.6
"403","Ctenochaetus_tominiensis","Ctenochaetus tominiensis","Acanthuridae",16
"404","Ctenochaetus_truncatus","Ctenochaetus truncatus","Acanthuridae",16
"405","Cyprinocirrhites_polyactis","Cyprinocirrhites polyactis","Cirrhitidae",15
"406","Dascyllus_albisella","Dascyllus albisella","Pomacentridae",13
"407","Dascyllus_aruanus","Dascyllus aruanus","Pomacentridae",10
"408","Dascyllus_carneus","Dascyllus carneus","Pomacentridae",7
"409","Dascyllus_flavicaudus","Dascyllus flavicaudus","Pomacentridae",12
"410","Dascyllus_reticulatus","Dascyllus reticulatus","Pomacentridae",9
"411","Dascyllus_strasburgi","Dascyllus strasburgi","Pomacentridae",9
"412","Dascyllus_trimaculatus","Dascyllus trimaculatus","Pomacentridae",11
"413","Dendrochirus_zebra","Dendrochirus zebra","Scorpaenidae",25
"414","Dermatolepis_dermatolepis","Dermatolepis dermatolepis","Serranidae",100
"415","Diagramma_labiosum","Diagramma labiosum","Haemulidae",90
"416","Diagramma_pictum","Diagramma pictum","Haemulidae",100
"417","Diplectrum_radiale","Diplectrum radiale","Serranidae",26
"418","Diploprion_bifasciatum","Diploprion bifasciatum","Serranidae",25
"419","Diproctacanthus_xanthurus","Diproctacanthus xanthurus","Labridae",10
"420","Dischistodus_chrysopoecilus","Dischistodus chrysopoecilus","Pomacentridae",15
"421","Dischistodus_melanotus","Dischistodus melanotus","Pomacentridae",16
"422","Dischistodus_perspicillatus","Dischistodus perspicillatus","Pomacentridae",18
"423","Dischistodus_prosopotaenia","Dischistodus prosopotaenia","Pomacentridae",17
"424","Dischistodus_pseudochrysopoecilus","Dischistodus pseudochrysopoecilus","Pomacentridae",18
"425","Ellochelon_vaigiensis","Ellochelon vaigiensis","Mugilidae",63
"426","Epibulus_brevis","Epibulus brevis","Labridae",18.5
"427","Epibulus_insidiator","Epibulus insidiator","Labridae",54
"428","Epinephelus_adscensionis","Epinephelus adscensionis","Serranidae",61
"429","Epinephelus_bilobatus","Epinephelus bilobatus","Serranidae",33
"430","Epinephelus_clippertonensis","Epinephelus clippertonensis","Serranidae",61
"431","Epinephelus_coeruleopunctatus","Epinephelus coeruleopunctatus","Serranidae",76
"432","Epinephelus_coioides","Epinephelus coioides","Serranidae",120
"433","Epinephelus_corallicola","Epinephelus corallicola","Serranidae",49
"434","Epinephelus_cyanopodus","Epinephelus cyanopodus","Serranidae",122
"435","Epinephelus_daemelii","Epinephelus daemelii","Serranidae",200
"436","Epinephelus_fasciatus","Epinephelus fasciatus","Serranidae",40
"437","Epinephelus_fuscoguttatus","Epinephelus fuscoguttatus","Serranidae",120
"438","Epinephelus_guttatus","Epinephelus guttatus","Serranidae",76
"439","Epinephelus_hexagonatus","Epinephelus hexagonatus","Serranidae",27.5
"440","Epinephelus_howlandi","Epinephelus howlandi","Serranidae",55
"441","Epinephelus_irroratus","Epinephelus irroratus","Serranidae",27.7
"442","Epinephelus_labriformis","Epinephelus labriformis","Serranidae",60
"443","Epinephelus_lanceolatus","Epinephelus lanceolatus","Serranidae",270
"444","Epinephelus_macrospilos","Epinephelus macrospilos","Serranidae",51
"445","Epinephelus_maculatus","Epinephelus maculatus","Serranidae",60.5
"446","Epinephelus_malabaricus","Epinephelus malabaricus","Serranidae",234
"447","Epinephelus_marginatus","Epinephelus marginatus","Serranidae",150
"448","Epinephelus_merra","Epinephelus merra","Serranidae",31
"449","Epinephelus_morio","Epinephelus morio","Serranidae",125
"450","Epinephelus_multinotatus","Epinephelus multinotatus","Serranidae",100
"451","Epinephelus_ongus","Epinephelus ongus","Serranidae",40
"452","Epinephelus_polyphekadion","Epinephelus polyphekadion","Serranidae",90
"453","Epinephelus_quoyanus","Epinephelus quoyanus","Serranidae",40
"454","Epinephelus_rivulatus","Epinephelus rivulatus","Serranidae",39
"455","Epinephelus_spilotoceps","Epinephelus spilotoceps","Serranidae",35
"456","Epinephelus_tauvina","Epinephelus tauvina","Serranidae",75
"457","Epinephelus_tukula","Epinephelus tukula","Serranidae",200
"458","Equetus_punctatus","Equetus punctatus","Sciaenidae",27
"459","Fistularia_commersonii","Fistularia commersonii","Fistulariidae",160
"460","Fistularia_tabacaria","Fistularia tabacaria","Fistulariidae",200
"461","Forcipiger_flavissimus","Forcipiger flavissimus","Chaetodontidae",22
"462","Forcipiger_longirostris","Forcipiger longirostris","Chaetodontidae",22
"463","Genicanthus_caudovittatus","Genicanthus caudovittatus","Pomacanthidae",20
"464","Genicanthus_lamarck","Genicanthus lamarck","Pomacanthidae",25
"465","Genicanthus_melanospilos","Genicanthus melanospilos","Pomacanthidae",18
"466","Genicanthus_semicinctus","Genicanthus semicinctus","Pomacanthidae",20
"467","Genicanthus_watanabei","Genicanthus watanabei","Pomacanthidae",15
"468","Girella_cyanea","Girella cyanea","Kyphosidae",20
"469","Girella_freminvillii","Girella freminvillii","Kyphosidae",45
"470","Girella_stuebeli","Girella stuebeli","Kyphosidae",24
"471","Gnathodentex_aureolineatus","Gnathodentex aureolineatus","Lethrinidae",30
"472","Gomphosus_caeruleus","Gomphosus caeruleus","Labridae",30
"473","Gomphosus_varius","Gomphosus varius","Labridae",30
"474","Gracila_albomarginata","Gracila albomarginata","Serranidae",40
"475","Grammistes_sexlineatus","Grammistes sexlineatus","Serranidae",30
"476","Gymnocranius_euanus","Gymnocranius euanus","Lethrinidae",45
"477","Gymnocranius_microdon","Gymnocranius microdon","Lethrinidae",45
"478","Haemulon_album","Haemulon album","Haemulidae",79
"479","Haemulon_aurolineatum","Haemulon aurolineatum","Haemulidae",25
"480","Haemulon_carbonarium","Haemulon carbonarium","Haemulidae",36
"481","Haemulon_chrysargyreum","Haemulon chrysargyreum","Haemulidae",23
"482","Haemulon_flaviguttatum","Haemulon flaviguttatum","Haemulidae",42
"483","Haemulon_flavolineatum","Haemulon flavolineatum","Haemulidae",30
"484","Haemulon_macrostomum","Haemulon macrostomum","Haemulidae",43
"485","Haemulon_maculicauda","Haemulon maculicauda","Haemulidae",30
"486","Haemulon_parra","Haemulon parra","Haemulidae",41.20000076
"487","Haemulon_plumierii","Haemulon plumierii","Haemulidae",53
"488","Haemulon_sciurus","Haemulon sciurus","Haemulidae",46
"489","Haemulon_scudderii","Haemulon scudderii","Haemulidae",35
"490","Haemulon_sexfasciatum","Haemulon sexfasciatum","Haemulidae",71
"491","Haemulon_steindachneri","Haemulon steindachneri","Haemulidae",30
"492","Halichoeres_adustus","Halichoeres adustus","Labridae",12.5
"493","Halichoeres_argus","Halichoeres argus","Labridae",12
"494","Halichoeres_biocellatus","Halichoeres biocellatus","Labridae",12
"495","Halichoeres_bivittatus","Halichoeres bivittatus","Labridae",35
"496","Halichoeres_brasiliensis","Halichoeres brasiliensis","Labridae",18.815385
"497","Halichoeres_brownfieldi","Halichoeres brownfieldi","Labridae",15
"498","Halichoeres_chierchiae","Halichoeres chierchiae","Labridae",17.5
"499","Halichoeres_chloropterus","Halichoeres chloropterus","Labridae",19
"500","Halichoeres_chrysus","Halichoeres chrysus","Labridae",12
"501","Halichoeres_cosmetus","Halichoeres cosmetus","Labridae",13
"502","Halichoeres_cyanocephalus","Halichoeres cyanocephalus","Labridae",30
"503","Halichoeres_dimidiatus","Halichoeres dimidiatus","Labridae",30
"504","Halichoeres_discolor","Halichoeres discolor","Labridae",15
"505","Halichoeres_dispilus","Halichoeres dispilus","Labridae",25
"506","Halichoeres_erdmanni","Halichoeres erdmanni","Labridae",18
"507","Halichoeres_garnoti","Halichoeres garnoti","Labridae",19.29999924
"508","Halichoeres_hartzfeldii","Halichoeres hartzfeldii","Labridae",18
"509","Halichoeres_hortulanus","Halichoeres hortulanus","Labridae",27
"510","Halichoeres_insularis","Halichoeres insularis","Labridae",7
"511","Halichoeres_iridis","Halichoeres iridis","Labridae",11.5
"512","Halichoeres_leucurus","Halichoeres leucurus","Labridae",13
"513","Halichoeres_maculipinna","Halichoeres maculipinna","Labridae",18
"514","Halichoeres_malpelo","Halichoeres malpelo","Labridae",15
"515","Halichoeres_margaritaceus","Halichoeres margaritaceus","Labridae",12.5
"516","Halichoeres_marginatus","Halichoeres marginatus","Labridae",18
"517","Halichoeres_melanochir","Halichoeres melanochir","Labridae",18
"518","Halichoeres_melanotis","Halichoeres melanotis","Labridae",13
"519","Halichoeres_melanurus","Halichoeres melanurus","Labridae",12
"520","Halichoeres_miniatus","Halichoeres miniatus","Labridae",12
"521","Halichoeres_nebulosus","Halichoeres nebulosus","Labridae",12
"522","Halichoeres_nicholsi","Halichoeres nicholsi","Labridae",38
"523","Halichoeres_nigrescens","Halichoeres nigrescens","Labridae",14
"524","Halichoeres_notospilus","Halichoeres notospilus","Labridae",25.39999962
"525","Halichoeres_ornatissimus","Halichoeres ornatissimus","Labridae",18
"526","Halichoeres_pictus","Halichoeres pictus","Labridae",13
"527","Halichoeres_poeyi","Halichoeres poeyi","Labridae",20
"528","Halichoeres_prosopeion","Halichoeres prosopeion","Labridae",13
"529","Halichoeres_radiatus","Halichoeres radiatus","Labridae",51
"530","Halichoeres_richmondi","Halichoeres richmondi","Labridae",19
"531","Halichoeres_rubrovirens","Halichoeres rubrovirens","Labridae",23.1
"532","Halichoeres_salmofasciatus","Halichoeres salmofasciatus","Labridae",6.289999962
"533","Halichoeres_scapularis","Halichoeres scapularis","Labridae",20
"534","Halichoeres_solorensis","Halichoeres solorensis","Labridae",18
"535","Halichoeres_trimaculatus","Halichoeres trimaculatus","Labridae",27
"536","Hemiglyphidodon_plagiometopon","Hemiglyphidodon plagiometopon","Pomacentridae",18
"537","Hemigymnus_fasciatus","Hemigymnus fasciatus","Labridae",80
"538","Hemigymnus_melapterus","Hemigymnus melapterus","Labridae",90
"539","Hemitaurichthys_polylepis","Hemitaurichthys polylepis","Chaetodontidae",18
"540","Hemitaurichthys_thompsoni","Hemitaurichthys thompsoni","Chaetodontidae",18
"541","Hemitaurichthys_zoster","Hemitaurichthys zoster","Chaetodontidae",18
"542","Heniochus_acuminatus","Heniochus acuminatus","Chaetodontidae",25
"543","Heniochus_chrysostomus","Heniochus chrysostomus","Chaetodontidae",18
"544","Heniochus_diphreutes","Heniochus diphreutes","Chaetodontidae",21
"545","Heniochus_intermedius","Heniochus intermedius","Chaetodontidae",18
"546","Heniochus_monoceros","Heniochus monoceros","Chaetodontidae",24
"547","Heniochus_pleurotaenia","Heniochus pleurotaenia","Chaetodontidae",17
"548","Heniochus_singularius","Heniochus singularius","Chaetodontidae",30
"549","Heniochus_varius","Heniochus varius","Chaetodontidae",19
"550","Hipposcarus_harid","Hipposcarus harid","Labridae",75
"551","Hipposcarus_longiceps","Hipposcarus longiceps","Labridae",60
"552","Holacanthus_africanus","Holacanthus africanus","Pomacanthidae",45
"553","Holacanthus_bermudensis","Holacanthus bermudensis","Pomacanthidae",45
"554","Holacanthus_ciliaris","Holacanthus ciliaris","Pomacanthidae",45
"555","Holacanthus_clarionensis","Holacanthus clarionensis","Pomacanthidae",20
"556","Holacanthus_passer","Holacanthus passer","Pomacanthidae",35.59999847
"557","Holacanthus_tricolor","Holacanthus tricolor","Pomacanthidae",35
"558","Holocentrus_adscensionis","Holocentrus adscensionis","Holocentridae",61
"559","Holocentrus_rufus","Holocentrus rufus","Holocentridae",35
"560","Hologymnosus_annulatus","Hologymnosus annulatus","Labridae",40
"561","Hologymnosus_doliatus","Hologymnosus doliatus","Labridae",50
"562","Hoplopagrus_guentherii","Hoplopagrus guentherii","Lutjanidae",92
"563","Hypoplectrus_chlorurus","Hypoplectrus chlorurus","Serranidae",12.69999981
"564","Hypoplectrus_gemma","Hypoplectrus gemma","Serranidae",13
"565","Hypoplectrus_guttavarius","Hypoplectrus guttavarius","Serranidae",13
"566","Hypoplectrus_indigo","Hypoplectrus indigo","Serranidae",14.25
"567","Hypoplectrus_nigricans","Hypoplectrus nigricans","Serranidae",15.23999977
"568","Hypoplectrus_providencianus","Hypoplectrus providencianus","Serranidae",13
"569","Hypoplectrus_puella","Hypoplectrus puella","Serranidae",15.23999977
"570","Hypoplectrus_unicolor","Hypoplectrus unicolor","Serranidae",12.69999981
"571","Itycirrhitus_wilhelmi","Itycirrhitus wilhelmi","Cirrhitidae",10.4
"572","Johnrandallia_nigrirostris","Johnrandallia nigrirostris","Chaetodontidae",20
"573","Kyphosus_analogus","Kyphosus analogus","Kyphosidae",45
"574","Kyphosus_bigibbus","Kyphosus bigibbus","Kyphosidae",75
"575","Kyphosus_cinerascens","Kyphosus cinerascens","Kyphosidae",50
"576","Kyphosus_elegans","Kyphosus elegans","Kyphosidae",53
"577","Kyphosus_incisor","Kyphosus incisor","Kyphosidae",90
"578","Kyphosus_sandwicensis","Kyphosus sandwicensis","Kyphosidae",65
"579","Kyphosus_sectatrix","Kyphosus sectatrix","Kyphosidae",45
"580","Kyphosus_sydneyanus","Kyphosus sydneyanus","Kyphosidae",80
"581","Kyphosus_vaigiensis","Kyphosus vaigiensis","Kyphosidae",70
"582","Labracoglossa_nitida","Labracoglossa nitida","Kyphosidae",20
"583","Labrichthys_unilineatus","Labrichthys unilineatus","Labridae",17.5
"584","Labroides_bicolor","Labroides bicolor","Labridae",15
"585","Labroides_dimidiatus","Labroides dimidiatus","Labridae",14
"586","Labroides_pectoralis","Labroides pectoralis","Labridae",11
"587","Labroides_phthirophagus","Labroides phthirophagus","Labridae",12
"588","Labroides_rubrolabiatus","Labroides rubrolabiatus","Labridae",9
"589","Labropsis_alleni","Labropsis alleni","Labridae",10
"590","Labropsis_australis","Labropsis australis","Labridae",10.5
"591","Labropsis_xanthonota","Labropsis xanthonota","Labridae",13
"592","Lachnolaimus_maximus","Lachnolaimus maximus","Labridae",91
"593","Lactophrys_bicaudalis","Lactophrys bicaudalis","Ostraciidae",48
"594","Lactoria_diaphana","Lactoria diaphana","Ostraciidae",34
"595","Lepidozygus_tapeinosoma","Lepidozygus tapeinosoma","Pomacentridae",10
"596","Leptojulis_cyanopleura","Leptojulis cyanopleura","Labridae",13
"597","Leptoscarus_vaigiensis","Leptoscarus vaigiensis","Labridae",35
"598","Lethrinus_amboinensis","Lethrinus amboinensis","Lethrinidae",70
"599","Lethrinus_atkinsoni","Lethrinus atkinsoni","Lethrinidae",50
"600","Lethrinus_atlanticus","Lethrinus atlanticus","Lethrinidae",50
"601","Lethrinus_borbonicus","Lethrinus borbonicus","Lethrinidae",40
"602","Lethrinus_erythracanthus","Lethrinus erythracanthus","Lethrinidae",70
"603","Lethrinus_erythropterus","Lethrinus erythropterus","Lethrinidae",50
"604","Lethrinus_genivittatus","Lethrinus genivittatus","Lethrinidae",25
"605","Lethrinus_harak","Lethrinus harak","Lethrinidae",50
"606","Lethrinus_laticaudis","Lethrinus laticaudis","Lethrinidae",56
"607","Lethrinus_lentjan","Lethrinus lentjan","Lethrinidae",52
"608","Lethrinus_miniatus","Lethrinus miniatus","Lethrinidae",90
"609","Lethrinus_nebulosus","Lethrinus nebulosus","Lethrinidae",87
"610","Lethrinus_obsoletus","Lethrinus obsoletus","Lethrinidae",60
"611","Lethrinus_olivaceus","Lethrinus olivaceus","Lethrinidae",100
"612","Lethrinus_ornatus","Lethrinus ornatus","Lethrinidae",45
"613","Lethrinus_rubrioperculatus","Lethrinus rubrioperculatus","Lethrinidae",50
"614","Lethrinus_xanthochilus","Lethrinus xanthochilus","Lethrinidae",70
"615","Lutjanus_alexandrei","Lutjanus alexandrei","Lutjanidae",24.3
"616","Lutjanus_analis","Lutjanus analis","Lutjanidae",94
"617","Lutjanus_apodus","Lutjanus apodus","Lutjanidae",67.19999695
"618","Lutjanus_aratus","Lutjanus aratus","Lutjanidae",100
"619","Lutjanus_argentimaculatus","Lutjanus argentimaculatus","Lutjanidae",150
"620","Lutjanus_argentiventris","Lutjanus argentiventris","Lutjanidae",71
"621","Lutjanus_biguttatus","Lutjanus biguttatus","Lutjanidae",25
"622","Lutjanus_bohar","Lutjanus bohar","Lutjanidae",90
"623","Lutjanus_carponotatus","Lutjanus carponotatus","Lutjanidae",40
"624","Lutjanus_decussatus","Lutjanus decussatus","Lutjanidae",35
"625","Lutjanus_ehrenbergii","Lutjanus ehrenbergii","Lutjanidae",35
"626","Lutjanus_erythropterus","Lutjanus erythropterus","Lutjanidae",81.6
"627","Lutjanus_fulgens","Lutjanus fulgens","Lutjanidae",60
"628","Lutjanus_fulviflamma","Lutjanus fulviflamma","Lutjanidae",35
"629","Lutjanus_fulvus","Lutjanus fulvus","Lutjanidae",40
"630","Lutjanus_gibbus","Lutjanus gibbus","Lutjanidae",50
"631","Lutjanus_goreensis","Lutjanus goreensis","Lutjanidae",80
"632","Lutjanus_griseus","Lutjanus griseus","Lutjanidae",89
"633","Lutjanus_guttatus","Lutjanus guttatus","Lutjanidae",80
"634","Lutjanus_inermis","Lutjanus inermis","Lutjanidae",34
"635","Lutjanus_jocu","Lutjanus jocu","Lutjanidae",128
"636","Lutjanus_johnii","Lutjanus johnii","Lutjanidae",97
"637","Lutjanus_jordani","Lutjanus jordani","Lutjanidae",60
"638","Lutjanus_kasmira","Lutjanus kasmira","Lutjanidae",40
"639","Lutjanus_lemniscatus","Lutjanus lemniscatus","Lutjanidae",65
"640","Lutjanus_lutjanus","Lutjanus lutjanus","Lutjanidae",35
"641","Lutjanus_mahogoni","Lutjanus mahogoni","Lutjanidae",48
"642","Lutjanus_monostigma","Lutjanus monostigma","Lutjanidae",60
"643","Lutjanus_novemfasciatus","Lutjanus novemfasciatus","Lutjanidae",170
"644","Lutjanus_quinquelineatus","Lutjanus quinquelineatus","Lutjanidae",38
"645","Lutjanus_rivulatus","Lutjanus rivulatus","Lutjanidae",80
"646","Lutjanus_rufolineatus","Lutjanus rufolineatus","Lutjanidae",20
"647","Lutjanus_russellii","Lutjanus russellii","Lutjanidae",40
"648","Lutjanus_sebae","Lutjanus sebae","Lutjanidae",116
"649","Lutjanus_semicinctus","Lutjanus semicinctus","Lutjanidae",35
"650","Lutjanus_synagris","Lutjanus synagris","Lutjanidae",60
"651","Lutjanus_viridis","Lutjanus viridis","Lutjanidae",30
"652","Lutjanus_vitta","Lutjanus vitta","Lutjanidae",40
"653","Luzonichthys_waitei","Luzonichthys waitei","Serranidae",7
"654","Macolor_macularis","Macolor macularis","Lutjanidae",60
"655","Macolor_niger","Macolor niger","Lutjanidae",75
"656","Macropharyngodon_bipartitus","Macropharyngodon bipartitus","Labridae",13
"657","Macropharyngodon_choati","Macropharyngodon choati","Labridae",7.6
"658","Macropharyngodon_geoffroy","Macropharyngodon geoffroy","Labridae",15
"659","Macropharyngodon_kuiteri","Macropharyngodon kuiteri","Labridae",10
"660","Macropharyngodon_meleagris","Macropharyngodon meleagris","Labridae",15
"661","Macropharyngodon_negrosensis","Macropharyngodon negrosensis","Labridae",12
"662","Macropharyngodon_ornatus","Macropharyngodon ornatus","Labridae",13
"663","Melichthys_indicus","Melichthys indicus","Balistidae",25
"664","Melichthys_niger","Melichthys niger","Balistidae",50
"665","Melichthys_vidua","Melichthys vidua","Balistidae",40
"666","Microcanthus_strigatus","Microcanthus strigatus","Kyphosidae",16
"667","Microspathodon_bairdii","Microspathodon bairdii","Pomacentridae",25
"668","Microspathodon_chrysurus","Microspathodon chrysurus","Pomacentridae",21
"669","Microspathodon_dorsalis","Microspathodon dorsalis","Pomacentridae",31
"670","Microspathodon_frontatus","Microspathodon frontatus","Pomacentridae",17
"671","Monacanthus_chinensis","Monacanthus chinensis","Monacanthidae",38
"672","Monotaxis_grandoculis","Monotaxis grandoculis","Lethrinidae",60
"673","Mugil_cephalus","Mugil cephalus","Mugilidae",80
"674","Mugil_curema","Mugil curema","Mugilidae",90
"675","Mugil_galapagensis","Mugil galapagensis","Mugilidae",40
"676","Mulloidichthys_dentatus","Mulloidichthys dentatus","Mullidae",31
"677","Mulloidichthys_flavolineatus","Mulloidichthys flavolineatus","Mullidae",43
"678","Mulloidichthys_martinicus","Mulloidichthys martinicus","Mullidae",39.40000153
"679","Mulloidichthys_mimicus","Mulloidichthys mimicus","Mullidae",30
"680","Mulloidichthys_vanicolensis","Mulloidichthys vanicolensis","Mullidae",38
"681","Mycteroperca_acutirostris","Mycteroperca acutirostris","Serranidae",80
"682","Mycteroperca_bonaci","Mycteroperca bonaci","Serranidae",150
"683","Mycteroperca_fusca","Mycteroperca fusca","Serranidae",80
"684","Mycteroperca_interstitialis","Mycteroperca interstitialis","Serranidae",84
"685","Mycteroperca_olfax","Mycteroperca olfax","Serranidae",120
"686","Mycteroperca_tigris","Mycteroperca tigris","Serranidae",101
"687","Mycteroperca_xenarcha","Mycteroperca xenarcha","Serranidae",150
"688","Myripristis_adusta","Myripristis adusta","Holocentridae",35
"689","Myripristis_amaena","Myripristis amaena","Holocentridae",26.5
"690","Myripristis_berndti","Myripristis berndti","Holocentridae",30
"691","Myripristis_earlei","Myripristis earlei","Holocentridae",24
"692","Myripristis_hexagona","Myripristis hexagona","Holocentridae",30
"693","Myripristis_jacobus","Myripristis jacobus","Holocentridae",25
"694","Myripristis_kuntee","Myripristis kuntee","Holocentridae",26
"695","Myripristis_leiognathus","Myripristis leiognathus","Holocentridae",18
"696","Myripristis_murdjan","Myripristis murdjan","Holocentridae",60
"697","Myripristis_pralinia","Myripristis pralinia","Holocentridae",20
"698","Myripristis_tiki","Myripristis tiki","Holocentridae",21.2
"699","Myripristis_violacea","Myripristis violacea","Holocentridae",35
"700","Myripristis_vittata","Myripristis vittata","Holocentridae",25
"701","Naso_annulatus","Naso annulatus","Acanthuridae",100
"702","Naso_brachycentron","Naso brachycentron","Acanthuridae",90
"703","Naso_brevirostris","Naso brevirostris","Acanthuridae",60
"704","Naso_caeruleacauda","Naso caeruleacauda","Acanthuridae",40
"705","Naso_caesius","Naso caesius","Acanthuridae",45.6
"706","Naso_elegans","Naso elegans","Acanthuridae",45
"707","Naso_hexacanthus","Naso hexacanthus","Acanthuridae",75
"708","Naso_lituratus","Naso lituratus","Acanthuridae",46
"709","Naso_lopezi","Naso lopezi","Acanthuridae",60
"710","Naso_mcdadei","Naso mcdadei","Acanthuridae",75
"711","Naso_thynnoides","Naso thynnoides","Acanthuridae",40
"712","Naso_tonganus","Naso tonganus","Acanthuridae",60
"713","Naso_tuberosus","Naso tuberosus","Acanthuridae",65
"714","Naso_unicornis","Naso unicornis","Acanthuridae",70
"715","Naso_vlamingii","Naso vlamingii","Acanthuridae",60
"716","Nemanthias_carberryi","Nemanthias carberryi","Serranidae",13
"717","Neocirrhites_armatus","Neocirrhites armatus","Cirrhitidae",9
"718","Neoglyphidodon_carlsoni","Neoglyphidodon carlsoni","Pomacentridae",10
"719","Neoglyphidodon_melas","Neoglyphidodon melas","Pomacentridae",18
"720","Neoglyphidodon_nigroris","Neoglyphidodon nigroris","Pomacentridae",13
"721","Neoglyphidodon_polyacanthus","Neoglyphidodon polyacanthus","Pomacentridae",12
"722","Neoglyphidodon_thoracotaeniatus","Neoglyphidodon thoracotaeniatus","Pomacentridae",11
"723","Neomyxus_leuciscus","Neomyxus leuciscus","Mugilidae",46
"724","Neoniphon_argenteus","Neoniphon argenteus","Holocentridae",24
"725","Neoniphon_marianus","Neoniphon marianus","Holocentridae",18
"726","Neoniphon_opercularis","Neoniphon opercularis","Holocentridae",35
"727","Neoniphon_sammara","Neoniphon sammara","Holocentridae",32
"728","Neopomacentrus_azysron","Neopomacentrus azysron","Pomacentridae",7.5
"729","Neopomacentrus_bankieri","Neopomacentrus bankieri","Pomacentridae",8
"730","Neopomacentrus_cyanomos","Neopomacentrus cyanomos","Pomacentridae",10
"731","Neopomacentrus_filamentosus","Neopomacentrus filamentosus","Pomacentridae",11
"732","Neopomacentrus_nemurus","Neopomacentrus nemurus","Pomacentridae",8
"733","Nexilosus_latifrons","Nexilosus latifrons","Pomacentridae",30
"734","Nicholsina_denticulata","Nicholsina denticulata","Labridae",32
"735","Notocirrhitus_splendens","Notocirrhitus splendens","Cirrhitidae",20
"736","Notolabrus_inscriptus","Notolabrus inscriptus","Labridae",50
"737","Notolabrus_tetricus","Notolabrus tetricus","Labridae",50
"738","Novaculichthys_taeniourus","Novaculichthys taeniourus","Labridae",30
"739","Ocyurus_chrysurus","Ocyurus chrysurus","Lutjanidae",86.300001525
"740","Odontoscion_dentex","Odontoscion dentex","Sciaenidae",30
"741","Odontoscion_xanthops","Odontoscion xanthops","Sciaenidae",30
"742","Odonus_niger","Odonus niger","Balistidae",50
"743","Orthopristis_forbesi","Orthopristis forbesi","Haemulidae",30.5
"744","Orthopristis_ruber","Orthopristis ruber","Haemulidae",40
"745","Ostracion_cubicus","Ostracion cubicus","Ostraciidae",45
"746","Ostracion_meleagris","Ostracion meleagris","Ostraciidae",25
"747","Ostracion_solorensis","Ostracion solorensis","Ostraciidae",12
"748","Ostracion_whitleyi","Ostracion whitleyi","Ostraciidae",15.5
"749","Oxycheilinus_bimaculatus","Oxycheilinus bimaculatus","Labridae",15
"750","Oxycheilinus_celebicus","Oxycheilinus celebicus","Labridae",24
"751","Oxycheilinus_digramma","Oxycheilinus digramma","Labridae",32
"752","Oxycheilinus_orientalis","Oxycheilinus orientalis","Labridae",15
"753","Oxycheilinus_unifasciatus","Oxycheilinus unifasciatus","Labridae",46
"754","Oxycirrhites_typus","Oxycirrhites typus","Cirrhitidae",13
"755","Oxymonacanthus_longirostris","Oxymonacanthus longirostris","Monacanthidae",12
"756","Paracaesio_sordida","Paracaesio sordida","Lutjanidae",48
"757","Paracaesio_xanthura","Paracaesio xanthura","Lutjanidae",50
"758","Paracanthurus_hepatus","Paracanthurus hepatus","Acanthuridae",31
"759","Paracentropyge_multifasciata","Paracentropyge multifasciata","Pomacanthidae",12
"760","Parachaetodon_ocellatus","Parachaetodon ocellatus","Chaetodontidae",18
"761","Paracheilinus_filamentosus","Paracheilinus filamentosus","Labridae",15
"762","Paracheilinus_octotaenia","Paracheilinus octotaenia","Labridae",9
"763","Paracirrhites_arcatus","Paracirrhites arcatus","Cirrhitidae",20
"764","Paracirrhites_forsteri","Paracirrhites forsteri","Cirrhitidae",22
"765","Paracirrhites_hemistictus","Paracirrhites hemistictus","Cirrhitidae",29
"766","Paracirrhites_nisus","Paracirrhites nisus","Cirrhitidae",8.1
"767","Paralabrax_albomaculatus","Paralabrax albomaculatus","Serranidae",50.79999924
"768","Paraluteres_prionurus","Paraluteres prionurus","Monacanthidae",11
"769","Paranthias_colonus","Paranthias colonus","Serranidae",35.799999235
"770","Paranthias_furcifer","Paranthias furcifer","Serranidae",35
"771","Parapriacanthus_ransonneti","Parapriacanthus ransonneti","Pempheridae",10
"772","Parapristipoma_humile","Parapristipoma humile","Haemulidae",37
"773","Pareques_acuminatus","Pareques acuminatus","Sciaenidae",23
"774","Pareques_viola","Pareques viola","Sciaenidae",25
"775","Parma_alboscapularis","Parma alboscapularis","Pomacentridae",22
"776","Parma_microlepis","Parma microlepis","Pomacentridae",14
"777","Parma_oligolepis","Parma oligolepis","Pomacentridae",16.5
"778","Parma_polylepis","Parma polylepis","Pomacentridae",21
"779","Parupeneus_barberinoides","Parupeneus barberinoides","Mullidae",30
"780","Parupeneus_barberinus","Parupeneus barberinus","Mullidae",60
"781","Parupeneus_chrysopleuron","Parupeneus chrysopleuron","Mullidae",55
"782","Parupeneus_ciliatus","Parupeneus ciliatus","Mullidae",38
"783","Parupeneus_crassilabris","Parupeneus crassilabris","Mullidae",35
"784","Parupeneus_cyclostomus","Parupeneus cyclostomus","Mullidae",50
"785","Parupeneus_forsskali","Parupeneus forsskali","Mullidae",28
"786","Parupeneus_heptacanthus","Parupeneus heptacanthus","Mullidae",36
"787","Parupeneus_indicus","Parupeneus indicus","Mullidae",45
"788","Parupeneus_insularis","Parupeneus insularis","Mullidae",30
"789","Parupeneus_macronemus","Parupeneus macronemus","Mullidae",40
"790","Parupeneus_multifasciatus","Parupeneus multifasciatus","Mullidae",35
"791","Parupeneus_pleurostigma","Parupeneus pleurostigma","Mullidae",33
"792","Parupeneus_porphyreus","Parupeneus porphyreus","Mullidae",51
"793","Parupeneus_spilurus","Parupeneus spilurus","Mullidae",36
"794","Parupeneus_trifasciatus","Parupeneus trifasciatus","Mullidae",35
"795","Pempheris_adusta","Pempheris adusta","Pempheridae",17
"796","Pempheris_analis","Pempheris analis","Pempheridae",20
"797","Pempheris_mangula","Pempheris mangula","Pempheridae",16
"798","Pempheris_molucca","Pempheris molucca","Pempheridae",15
"799","Pempheris_oualensis","Pempheris oualensis","Pempheridae",20
"800","Pempheris_schomburgkii","Pempheris schomburgkii","Pempheridae",15
"801","Pempheris_schwenkii","Pempheris schwenkii","Pempheridae",15
"802","Pempheris_vanicolensis","Pempheris vanicolensis","Pempheridae",20
"803","Pervagor_alternans","Pervagor alternans","Monacanthidae",16
"804","Pervagor_aspricaudus","Pervagor aspricaudus","Monacanthidae",13
"805","Pervagor_janthinosoma","Pervagor janthinosoma","Monacanthidae",13
"806","Pervagor_marginalis","Pervagor marginalis","Monacanthidae",6.2
"807","Pervagor_melanocephalus","Pervagor melanocephalus","Monacanthidae",16
"808","Plectorhinchus_albovittatus","Plectorhinchus albovittatus","Haemulidae",100
"809","Plectorhinchus_chaetodonoides","Plectorhinchus chaetodonoides","Haemulidae",72
"810","Plectorhinchus_chrysotaenia","Plectorhinchus chrysotaenia","Haemulidae",41
"811","Plectorhinchus_flavomaculatus","Plectorhinchus flavomaculatus","Haemulidae",60
"812","Plectorhinchus_gibbosus","Plectorhinchus gibbosus","Haemulidae",75
"813","Plectorhinchus_lessonii","Plectorhinchus lessonii","Haemulidae",40
"814","Plectorhinchus_lineatus","Plectorhinchus lineatus","Haemulidae",72
"815","Plectorhinchus_multivittatus","Plectorhinchus multivittatus","Haemulidae",50
"816","Plectorhinchus_picus","Plectorhinchus picus","Haemulidae",84
"817","Plectorhinchus_polytaenia","Plectorhinchus polytaenia","Haemulidae",50
"818","Plectorhinchus_schotaf","Plectorhinchus schotaf","Haemulidae",80
"819","Plectorhinchus_vittatus","Plectorhinchus vittatus","Haemulidae",72
"820","Plectroglyphidodon_dickii","Plectroglyphidodon dickii","Pomacentridae",11
"821","Plectroglyphidodon_flaviventris","Plectroglyphidodon flaviventris","Pomacentridae",7
"822","Plectroglyphidodon_johnstonianus","Plectroglyphidodon johnstonianus","Pomacentridae",14
"823","Plectroglyphidodon_lacrymatus","Plectroglyphidodon lacrymatus","Pomacentridae",10
"824","Plectropomus_areolatus","Plectropomus areolatus","Serranidae",73
"825","Plectropomus_laevis","Plectropomus laevis","Serranidae",125
"826","Plectropomus_leopardus","Plectropomus leopardus","Serranidae",120
"827","Plectropomus_maculatus","Plectropomus maculatus","Serranidae",100
"828","Plectropomus_oligacanthus","Plectropomus oligacanthus","Serranidae",75
"829","Plectropomus_pessuliferus","Plectropomus pessuliferus","Serranidae",120
"830","Pomacanthus_arcuatus","Pomacanthus arcuatus","Pomacanthidae",60
"831","Pomacanthus_imperator","Pomacanthus imperator","Pomacanthidae",40
"832","Pomacanthus_navarchus","Pomacanthus navarchus","Pomacanthidae",28
"833","Pomacanthus_paru","Pomacanthus paru","Pomacanthidae",41.09999847
"834","Pomacanthus_rhomboides","Pomacanthus rhomboides","Pomacanthidae",46
"835","Pomacanthus_semicirculatus","Pomacanthus semicirculatus","Pomacanthidae",40
"836","Pomacanthus_sexstriatus","Pomacanthus sexstriatus","Pomacanthidae",46
"837","Pomacanthus_xanthometopon","Pomacanthus xanthometopon","Pomacanthidae",38
"838","Pomacanthus_zonipectus","Pomacanthus zonipectus","Pomacanthidae",46
"839","Pomacentrus_adelus","Pomacentrus adelus","Pomacentridae",8.5
"840","Pomacentrus_alexanderae","Pomacentrus alexanderae","Pomacentridae",9
"841","Pomacentrus_amboinensis","Pomacentrus amboinensis","Pomacentridae",9
"842","Pomacentrus_australis","Pomacentrus australis","Pomacentridae",8
"843","Pomacentrus_bankanensis","Pomacentrus bankanensis","Pomacentridae",9
"844","Pomacentrus_brachialis","Pomacentrus brachialis","Pomacentridae",8
"845","Pomacentrus_burroughi","Pomacentrus burroughi","Pomacentridae",8.5
"846","Pomacentrus_caeruleus","Pomacentrus caeruleus","Pomacentridae",10
"847","Pomacentrus_callainus","Pomacentrus callainus","Pomacentridae",9
"848","Pomacentrus_chrysurus","Pomacentrus chrysurus","Pomacentridae",9
"849","Pomacentrus_coelestis","Pomacentrus coelestis","Pomacentridae",9
"850","Pomacentrus_grammorhynchus","Pomacentrus grammorhynchus","Pomacentridae",9
"851","Pomacentrus_imitator","Pomacentrus imitator","Pomacentridae",11
"852","Pomacentrus_lepidogenys","Pomacentrus lepidogenys","Pomacentridae",9
"853","Pomacentrus_milleri","Pomacentrus milleri","Pomacentridae",7.5
"854","Pomacentrus_moluccensis","Pomacentrus moluccensis","Pomacentridae",9
"855","Pomacentrus_nagasakiensis","Pomacentrus nagasakiensis","Pomacentridae",10
"856","Pomacentrus_nigromanus","Pomacentrus nigromanus","Pomacentridae",9
"857","Pomacentrus_nigromarginatus","Pomacentrus nigromarginatus","Pomacentridae",8
"858","Pomacentrus_opisthostigma","Pomacentrus opisthostigma","Pomacentridae",6.5
"859","Pomacentrus_pavo","Pomacentrus pavo","Pomacentridae",8.5
"860","Pomacentrus_philippinus","Pomacentrus philippinus","Pomacentridae",10
"861","Pomacentrus_reidi","Pomacentrus reidi","Pomacentridae",9
"862","Pomacentrus_simsiang","Pomacentrus simsiang","Pomacentridae",7
"863","Pomacentrus_smithi","Pomacentrus smithi","Pomacentridae",7
"864","Pomacentrus_spilotoceps","Pomacentrus spilotoceps","Pomacentridae",9
"865","Pomacentrus_sulfureus","Pomacentrus sulfureus","Pomacentridae",11
"866","Pomacentrus_trichrourus","Pomacentrus trichrourus","Pomacentridae",11
"867","Pomacentrus_tripunctatus","Pomacentrus tripunctatus","Pomacentridae",7.5
"868","Pomacentrus_vaiuli","Pomacentrus vaiuli","Pomacentridae",10
"869","Pomacentrus_wardi","Pomacentrus wardi","Pomacentridae",8
"870","Pomadasys_incisus","Pomadasys incisus","Haemulidae",50
"871","Premnas_biaculeatus","Premnas biaculeatus","Pomacentridae",17
"872","Prionurus_biafraensis","Prionurus biafraensis","Acanthuridae",20
"873","Prionurus_laticlavius","Prionurus laticlavius","Acanthuridae",60
"874","Prionurus_maculatus","Prionurus maculatus","Acanthuridae",45
"875","Prionurus_microlepidotus","Prionurus microlepidotus","Acanthuridae",70
"876","Prognathodes_aculeatus","Prognathodes aculeatus","Chaetodontidae",10
"877","Prognathodes_marcellae","Prognathodes marcellae","Chaetodontidae",11.60000038
"878","Pseudanthias_cooperi","Pseudanthias cooperi","Serranidae",14
"879","Pseudanthias_dispar","Pseudanthias dispar","Serranidae",9.5
"880","Pseudanthias_evansi","Pseudanthias evansi","Serranidae",12
"881","Pseudanthias_hiva","Pseudanthias hiva","Serranidae",10.04
"882","Pseudanthias_huchtii","Pseudanthias huchtii","Serranidae",12
"883","Pseudanthias_hypselosoma","Pseudanthias hypselosoma","Serranidae",19
"884","Pseudanthias_ignitus","Pseudanthias ignitus","Serranidae",9
"885","Pseudanthias_mooreanus","Pseudanthias mooreanus","Serranidae",7.2
"886","Pseudanthias_olivaceus","Pseudanthias olivaceus","Serranidae",8.77
"887","Pseudanthias_pascalus","Pseudanthias pascalus","Serranidae",20
"888","Pseudanthias_pictilis","Pseudanthias pictilis","Serranidae",13.5
"889","Pseudanthias_pleurotaenia","Pseudanthias pleurotaenia","Serranidae",20
"890","Pseudanthias_regalis","Pseudanthias regalis","Serranidae",6.23
"891","Pseudanthias_squamipinnis","Pseudanthias squamipinnis","Serranidae",15
"892","Pseudanthias_taeniatus","Pseudanthias taeniatus","Serranidae",13
"893","Pseudanthias_tuka","Pseudanthias tuka","Serranidae",12
"894","Pseudobalistes_flavimarginatus","Pseudobalistes flavimarginatus","Balistidae",60
"895","Pseudobalistes_fuscus","Pseudobalistes fuscus","Balistidae",55
"896","Pseudobalistes_naufragium","Pseudobalistes naufragium","Balistidae",100
"897","Pseudocheilinus_evanidus","Pseudocheilinus evanidus","Labridae",8
"898","Pseudocheilinus_hexataenia","Pseudocheilinus hexataenia","Labridae",10
"899","Pseudocheilinus_octotaenia","Pseudocheilinus octotaenia","Labridae",14
"900","Pseudocheilinus_tetrataenia","Pseudocheilinus tetrataenia","Labridae",7.5
"901","Pseudocoris_heteroptera","Pseudocoris heteroptera","Labridae",20
"902","Pseudocoris_yamashiroi","Pseudocoris yamashiroi","Labridae",16
"903","Pseudodax_moluccanus","Pseudodax moluccanus","Labridae",30
"904","Pseudojuloides_atavai","Pseudojuloides atavai","Labridae",13
"905","Pseudojuloides_cerasinus","Pseudojuloides cerasinus","Labridae",12.3
"906","Pseudojuloides_elongatus","Pseudojuloides elongatus","Labridae",14
"907","Pseudolabrus_fuentesi","Pseudolabrus fuentesi","Labridae",13.5
"908","Pseudolabrus_guentheri","Pseudolabrus guentheri","Labridae",18
"909","Pseudolabrus_luculentus","Pseudolabrus luculentus","Labridae",17
"910","Pseudolabrus_semifasciatus","Pseudolabrus semifasciatus","Labridae",22.2
"911","Pseudupeneus_grandisquamis","Pseudupeneus grandisquamis","Mullidae",30
"912","Pseudupeneus_maculatus","Pseudupeneus maculatus","Mullidae",30
"913","Pteragogus_cryptus","Pteragogus cryptus","Labridae",9.5
"914","Pteragogus_enneacanthus","Pteragogus enneacanthus","Labridae",15
"915","Pteragogus_flagellifer","Pteragogus flagellifer","Labridae",20
"916","Pterois_antennata","Pterois antennata","Scorpaenidae",20
"917","Pterois_miles","Pterois miles","Scorpaenidae",35
"918","Pterois_radiata","Pterois radiata","Scorpaenidae",24
"919","Pterois_volitans","Pterois volitans","Scorpaenidae",38
"920","Pygoplites_diacanthus","Pygoplites diacanthus","Pomacanthidae",25
"921","Rhinecanthus_aculeatus","Rhinecanthus aculeatus","Balistidae",30
"922","Rhinecanthus_rectangulus","Rhinecanthus rectangulus","Balistidae",30
"923","Rhinecanthus_verrucosus","Rhinecanthus verrucosus","Balistidae",23
"924","Rhinesomus_triqueter","Rhinesomus triqueter","Ostraciidae",47
"925","Rypticus_bicolor","Rypticus bicolor","Serranidae",28
"926","Rypticus_nigripinnis","Rypticus nigripinnis","Serranidae",20.29999924
"927","Rypticus_saponaceus","Rypticus saponaceus","Serranidae",35
"928","Sargocentron_bullisi","Sargocentron bullisi","Holocentridae",13
"929","Sargocentron_caudimaculatum","Sargocentron caudimaculatum","Holocentridae",25
"930","Sargocentron_cornutum","Sargocentron cornutum","Holocentridae",27
"931","Sargocentron_diadema","Sargocentron diadema","Holocentridae",17
"932","Sargocentron_hastatum","Sargocentron hastatum","Holocentridae",25
"933","Sargocentron_hormion","Sargocentron hormion","Holocentridae",16.6
"934","Sargocentron_ittodai","Sargocentron ittodai","Holocentridae",20
"935","Sargocentron_melanospilos","Sargocentron melanospilos","Holocentridae",25
"936","Sargocentron_microstoma","Sargocentron microstoma","Holocentridae",20
"937","Sargocentron_punctatissimum","Sargocentron punctatissimum","Holocentridae",23
"938","Sargocentron_rubrum","Sargocentron rubrum","Holocentridae",32
"939","Sargocentron_spiniferum","Sargocentron spiniferum","Holocentridae",51
"940","Sargocentron_suborbitale","Sargocentron suborbitale","Holocentridae",25.39999962
"941","Sargocentron_tiere","Sargocentron tiere","Holocentridae",33
"942","Sargocentron_tiereoides","Sargocentron tiereoides","Holocentridae",17
"943","Sargocentron_vexillarium","Sargocentron vexillarium","Holocentridae",18
"944","Sargocentron_violaceum","Sargocentron violaceum","Holocentridae",45
"945","Sargocentron_wilhelmi","Sargocentron wilhelmi","Holocentridae",19.5
"946","Scarus_altipinnis","Scarus altipinnis","Labridae",60
"947","Scarus_chameleon","Scarus chameleon","Labridae",31
"948","Scarus_coelestinus","Scarus coelestinus","Labridae",77
"949","Scarus_coeruleus","Scarus coeruleus","Labridae",120
"950","Scarus_compressus","Scarus compressus","Labridae",68
"951","Scarus_dimidiatus","Scarus dimidiatus","Labridae",40
"952","Scarus_dubius","Scarus dubius","Labridae",35.6
"953","Scarus_ferrugineus","Scarus ferrugineus","Labridae",41
"954","Scarus_festivus","Scarus festivus","Labridae",45
"955","Scarus_flavipectoralis","Scarus flavipectoralis","Labridae",40
"956","Scarus_forsteni","Scarus forsteni","Labridae",55
"957","Scarus_frenatus","Scarus frenatus","Labridae",47
"958","Scarus_ghobban","Scarus ghobban","Labridae",90
"959","Scarus_globiceps","Scarus globiceps","Labridae",27
"960","Scarus_guacamaia","Scarus guacamaia","Labridae",120
"961","Scarus_hoefleri","Scarus hoefleri","Labridae",60
"962","Scarus_hypselopterus","Scarus hypselopterus","Labridae",31
"963","Scarus_iseri","Scarus iseri","Labridae",35
"964","Scarus_koputea","Scarus koputea","Labridae",31
"965","Scarus_longipinnis","Scarus longipinnis","Labridae",40
"966","Scarus_niger","Scarus niger","Labridae",40
"967","Scarus_oviceps","Scarus oviceps","Labridae",35
"968","Scarus_perrico","Scarus perrico","Labridae",76
"969","Scarus_prasiognathos","Scarus prasiognathos","Labridae",70
"970","Scarus_psittacus","Scarus psittacus","Labridae",30
"971","Scarus_quoyi","Scarus quoyi","Labridae",40
"972","Scarus_rivulatus","Scarus rivulatus","Labridae",40
"973","Scarus_rubroviolaceus","Scarus rubroviolaceus","Labridae",70
"974","Scarus_russelii","Scarus russelii","Labridae",51
"975","Scarus_schlegeli","Scarus schlegeli","Labridae",40
"976","Scarus_spinus","Scarus spinus","Labridae",30
"977","Scarus_taeniopterus","Scarus taeniopterus","Labridae",35
"978","Scarus_tricolor","Scarus tricolor","Labridae",26.6
"979","Scarus_trispinosus","Scarus trispinosus","Labridae",35.5
"980","Scarus_vetula","Scarus vetula","Labridae",61
"981","Scarus_xanthopleura","Scarus xanthopleura","Labridae",52
"982","Scarus_zelindae","Scarus zelindae","Labridae",33.20000076
"983","Scorpaena_cardinalis","Scorpaena cardinalis","Scorpaenidae",22
"984","Scorpaena_histrio","Scorpaena histrio","Scorpaenidae",26
"985","Scorpaena_mystes","Scorpaena mystes","Scorpaenidae",45.70000076
"986","Scorpaena_plumieri","Scorpaena plumieri","Scorpaenidae",45
"987","Scorpaenopsis_diabolus","Scorpaenopsis diabolus","Scorpaenidae",30
"988","Scorpaenopsis_oxycephala","Scorpaenopsis oxycephala","Scorpaenidae",36
"989","Scorpaenopsis_papuensis","Scorpaenopsis papuensis","Scorpaenidae",25
"990","Scorpaenopsis_possi","Scorpaenopsis possi","Scorpaenidae",19.4
"991","Scorpis_violacea","Scorpis violacea","Kyphosidae",34.5
"992","Sebastapistes_tinkhami","Sebastapistes tinkhami","Scorpaenidae",8
"993","Semicossyphus_darwini","Semicossyphus darwini","Labridae",70
"994","Serranocirrhitus_latus","Serranocirrhitus latus","Serranidae",13
"995","Serranus_baldwini","Serranus baldwini","Serranidae",12
"996","Serranus_flaviventris","Serranus flaviventris","Serranidae",7.5
"997","Serranus_psittacinus","Serranus psittacinus","Serranidae",18
"998","Serranus_tico","Serranus tico","Serranidae",8.5
"999","Serranus_tigrinus","Serranus tigrinus","Serranidae",29
"1000","Siganus_argenteus","Siganus argenteus","Siganidae",40
"1001","Siganus_canaliculatus","Siganus canaliculatus","Siganidae",30
"1002","Siganus_corallinus","Siganus corallinus","Siganidae",35
"1003","Siganus_doliatus","Siganus doliatus","Siganidae",25
"1004","Siganus_fuscescens","Siganus fuscescens","Siganidae",40
"1005","Siganus_guttatus","Siganus guttatus","Siganidae",42
"1006","Siganus_javus","Siganus javus","Siganidae",53
"1007","Siganus_lineatus","Siganus lineatus","Siganidae",43
"1008","Siganus_luridus","Siganus luridus","Siganidae",30
"1009","Siganus_puellus","Siganus puellus","Siganidae",38
"1010","Siganus_punctatissimus","Siganus punctatissimus","Siganidae",35
"1011","Siganus_punctatus","Siganus punctatus","Siganidae",40
"1012","Siganus_spinus","Siganus spinus","Siganidae",28
"1013","Siganus_stellatus","Siganus stellatus","Siganidae",40
"1014","Siganus_sutor","Siganus sutor","Siganidae",45
"1015","Siganus_trispilos","Siganus trispilos","Siganidae",25
"1016","Siganus_virgatus","Siganus virgatus","Siganidae",30
"1017","Siganus_vulpinus","Siganus vulpinus","Siganidae",25
"1018","Similiparma_hermani","Similiparma hermani","Pomacentridae",16
"1019","Sparisoma_amplum","Sparisoma amplum","Labridae",39
"1020","Sparisoma_atomarium","Sparisoma atomarium","Labridae",25
"1021","Sparisoma_aurofrenatum","Sparisoma aurofrenatum","Labridae",28
"1022","Sparisoma_axillare","Sparisoma axillare","Labridae",37
"1023","Sparisoma_chrysopterum","Sparisoma chrysopterum","Labridae",46
"1024","Sparisoma_cretense","Sparisoma cretense","Labridae",50
"1025","Sparisoma_frondosum","Sparisoma frondosum","Labridae",34.5
"1026","Sparisoma_radians","Sparisoma radians","Labridae",20
"1027","Sparisoma_rubripinne","Sparisoma rubripinne","Labridae",47.79999924
"1028","Sparisoma_tuiupiranga","Sparisoma tuiupiranga","Labridae",15.39999962
"1029","Sparisoma_viride","Sparisoma viride","Labridae",64
"1030","Sphoeroides_annulatus","Sphoeroides annulatus","Tetraodontidae",44
"1031","Sphoeroides_lobatus","Sphoeroides lobatus","Tetraodontidae",30
"1032","Sphoeroides_spengleri","Sphoeroides spengleri","Tetraodontidae",30
"1033","Stegastes_acapulcoensis","Stegastes acapulcoensis","Pomacentridae",17
"1034","Stegastes_adustus","Stegastes adustus","Pomacentridae",15
"1035","Stegastes_albifasciatus","Stegastes albifasciatus","Pomacentridae",13
"1036","Stegastes_apicalis","Stegastes apicalis","Pomacentridae",15
"1037","Stegastes_arcifrons","Stegastes arcifrons","Pomacentridae",13
"1038","Stegastes_aureus","Stegastes aureus","Pomacentridae",11
"1039","Stegastes_beebei","Stegastes beebei","Pomacentridae",15
"1040","Stegastes_diencaeus","Stegastes diencaeus","Pomacentridae",12.5
"1041","Stegastes_emeryi","Stegastes emeryi","Pomacentridae",10
"1042","Stegastes_fasciolatus","Stegastes fasciolatus","Pomacentridae",15
"1043","Stegastes_flavilatus","Stegastes flavilatus","Pomacentridae",10
"1044","Stegastes_fuscus","Stegastes fuscus","Pomacentridae",12.60000038
"1045","Stegastes_gascoynei","Stegastes gascoynei","Pomacentridae",15
"1046","Stegastes_imbricatus","Stegastes imbricatus","Pomacentridae",10
"1047","Stegastes_insularis","Stegastes insularis","Pomacentridae",11
"1048","Stegastes_leucorus","Stegastes leucorus","Pomacentridae",14
"1049","Stegastes_leucostictus","Stegastes leucostictus","Pomacentridae",10
"1050","Stegastes_lividus","Stegastes lividus","Pomacentridae",13
"1051","Stegastes_nigricans","Stegastes nigricans","Pomacentridae",13.5
"1052","Stegastes_obreptus","Stegastes obreptus","Pomacentridae",12
"1053","Stegastes_partitus","Stegastes partitus","Pomacentridae",10
"1054","Stegastes_pictus","Stegastes pictus","Pomacentridae",7.5
"1055","Stegastes_planifrons","Stegastes planifrons","Pomacentridae",13
"1056","Stegastes_punctatus","Stegastes punctatus","Pomacentridae",13
"1057","Stegastes_redemptus","Stegastes redemptus","Pomacentridae",12
"1058","Stegastes_sanctipauli","Stegastes sanctipauli","Pomacentridae",9
"1059","Stegastes_variabilis","Stegastes variabilis","Pomacentridae",12.5
"1060","Stephanolepis_hispidus","Stephanolepis hispidus","Monacanthidae",27.5
"1061","Stethojulis_albovittata","Stethojulis albovittata","Labridae",14
"1062","Stethojulis_balteata","Stethojulis balteata","Labridae",15
"1063","Stethojulis_bandanensis","Stethojulis bandanensis","Labridae",15
"1064","Stethojulis_interrupta","Stethojulis interrupta","Labridae",13
"1065","Stethojulis_strigiventer","Stethojulis strigiventer","Labridae",15
"1066","Stethojulis_trilineata","Stethojulis trilineata","Labridae",15
"1067","Sufflamen_albicaudatum","Sufflamen albicaudatum","Balistidae",22
"1068","Sufflamen_bursa","Sufflamen bursa","Balistidae",25
"1069","Sufflamen_chrysopterum","Sufflamen chrysopterum","Balistidae",30
"1070","Sufflamen_fraenatum","Sufflamen fraenatum","Balistidae",38
"1071","Sufflamen_verres","Sufflamen verres","Balistidae",40
"1072","Symphorichthys_spilurus","Symphorichthys spilurus","Lutjanidae",60
"1073","Symphorus_nematophorus","Symphorus nematophorus","Lutjanidae",100
"1074","Taenianotus_triacanthus","Taenianotus triacanthus","Scorpaenidae",10
"1075","Thalassoma_amblycephalum","Thalassoma amblycephalum","Labridae",16
"1076","Thalassoma_ballieui","Thalassoma ballieui","Labridae",39.5
"1077","Thalassoma_bifasciatum","Thalassoma bifasciatum","Labridae",25
"1078","Thalassoma_duperrey","Thalassoma duperrey","Labridae",28
"1079","Thalassoma_grammaticum","Thalassoma grammaticum","Labridae",32
"1080","Thalassoma_hardwicke","Thalassoma hardwicke","Labridae",20
"1081","Thalassoma_hebraicum","Thalassoma hebraicum","Labridae",23
"1082","Thalassoma_heiseri","Thalassoma heiseri","Labridae",11.62
"1083","Thalassoma_jansenii","Thalassoma jansenii","Labridae",20
"1084","Thalassoma_lucasanum","Thalassoma lucasanum","Labridae",15
"1085","Thalassoma_lunare","Thalassoma lunare","Labridae",25
"1086","Thalassoma_lutescens","Thalassoma lutescens","Labridae",30
"1087","Thalassoma_newtoni","Thalassoma newtoni","Labridae",21.375
"1088","Thalassoma_nigrofasciatum","Thalassoma nigrofasciatum","Labridae",20
"1089","Thalassoma_noronhanum","Thalassoma noronhanum","Labridae",13.30000019
"1090","Thalassoma_pavo","Thalassoma pavo","Labridae",25
"1091","Thalassoma_purpureum","Thalassoma purpureum","Labridae",46
"1092","Thalassoma_quinquevittatum","Thalassoma quinquevittatum","Labridae",17
"1093","Thalassoma_robertsoni","Thalassoma robertsoni","Labridae",7.820000172
"1094","Thalassoma_rueppellii","Thalassoma rueppellii","Labridae",20
"1095","Thalassoma_trilobatum","Thalassoma trilobatum","Labridae",30
"1096","Thamnaconus_analis","Thamnaconus analis","Monacanthidae",19.3
"1097","Trachypoma_macracanthus","Trachypoma macracanthus","Serranidae",22
"1098","Upeneus_tragula","Upeneus tragula","Mullidae",30
"1099","Variola_albimarginata","Variola albimarginata","Serranidae",65
"1100","Variola_louti","Variola louti","Serranidae",83
"1101","Xanthichthys_auromarginatus","Xanthichthys auromarginatus","Balistidae",30
"1102","Xanthichthys_mento","Xanthichthys mento","Balistidae",29
"1103","Xenocys_jessiae","Xenocys jessiae","Haemulidae",30
"1104","Zanclus_cornutus","Zanclus cornutus","Zanclidae",23
"1105","Zebrasoma_desjardinii","Zebrasoma desjardinii","Acanthuridae",40
"1106","Zebrasoma_flavescens","Zebrasoma flavescens","Acanthuridae",20
"1107","Zebrasoma_rostratum","Zebrasoma rostratum","Acanthuridae",21
"1108","Zebrasoma_scopas","Zebrasoma scopas","Acanthuridae",40
"1109","Zebrasoma_velifer","Zebrasoma velifer","Acanthuridae",40
"1110","Zebrasoma_xanthurum","Zebrasoma xanthurum","Acanthuridae",22
